-- phpMyAdmin SQL Dump
-- version 5.2.1
-- https://www.phpmyadmin.net/
--
-- Host: 127.0.0.1
-- Generation Time: Mar 09, 2025 at 04:55 PM
-- Server version: 10.4.32-MariaDB
-- PHP Version: 8.2.12

SET SQL_MODE = "NO_AUTO_VALUE_ON_ZERO";
START TRANSACTION;
SET time_zone = "+00:00";


/*!40101 SET @OLD_CHARACTER_SET_CLIENT=@@CHARACTER_SET_CLIENT */;
/*!40101 SET @OLD_CHARACTER_SET_RESULTS=@@CHARACTER_SET_RESULTS */;
/*!40101 SET @OLD_COLLATION_CONNECTION=@@COLLATION_CONNECTION */;
/*!40101 SET NAMES utf8mb4 */;

--
-- Database: `dormitory_db`
--

-- --------------------------------------------------------

--
-- Table structure for table `comment`
--

CREATE TABLE `comment` (
  `id` varchar(191) NOT NULL,
  `message` text NOT NULL,
  `reportId` varchar(191) NOT NULL,
  `userId` varchar(191) NOT NULL,
  `createdAt` datetime(3) NOT NULL DEFAULT current_timestamp(3)
) ENGINE=InnoDB DEFAULT CHARSET=utf8mb4 COLLATE=utf8mb4_unicode_ci;

--
-- Dumping data for table `comment`
--

INSERT INTO `comment` (`id`, `message`, `reportId`, `userId`, `createdAt`) VALUES
('11288dcc-a6b9-4fd3-be2b-5e8528dfd802', 'Laporan Anda telah diterima dan sedang menunggu untuk ditinjau oleh tim PART.', '933f4bb3-728f-4c78-b18c-a43757b06759', '58cc8883-bdbe-401d-a278-a42feb0f50be', '2025-03-08 15:20:30.614'),
('39cb47b1-009f-4115-a558-68651e312726', 'gambarnya error\n', '1c6e11ee-7b2b-4d46-bec4-a383f8e5a5cc', 'ba3def1e-5270-487f-afe4-31003853717e', '2025-03-09 09:21:37.831'),
('45dbea5c-d9df-4053-9748-24af3cb2a4fc', 'tes', 'b64e86e2-23f4-4e4a-b34b-a86495d42cc8', '58cc8883-bdbe-401d-a278-a42feb0f50be', '2025-03-09 04:47:20.938'),
('5f4ba4ca-7629-431b-9c22-3b993815a9f1', 'Laporan Anda telah diterima dan sedang menunggu untuk ditinjau oleh tim PART.', '4955c3a8-6b91-4f9c-87ca-4a7fd0cb5a09', '58cc8883-bdbe-401d-a278-a42feb0f50be', '2025-03-07 16:01:15.137'),
('60c4eece-21ca-451e-9af9-d2c2d8f379cc', 'Laporan Anda telah diterima dan sedang menunggu untuk ditinjau oleh tim PART.', '9c8d7d9d-7c60-41b9-a4d3-5f9705632ca1', '58cc8883-bdbe-401d-a278-a42feb0f50be', '2025-03-07 15:34:16.573'),
('6f8b998d-2233-482e-922a-a127bdfd6e3d', 'Laporan Anda telah diterima dan sedang menunggu untuk ditinjau oleh tim PART.', '34919e40-f0d8-4bb6-b5b4-caae17d7b8f3', '58cc8883-bdbe-401d-a278-a42feb0f50be', '2025-03-07 15:45:02.397'),
('9bab0856-4279-4bb4-8e87-ad03faddf358', 'oke akan segera kami tindak lanjuti', '9ddea479-db69-4799-adef-e871501dd9b3', 'ba3def1e-5270-487f-afe4-31003853717e', '2025-03-09 15:04:08.919'),
('a11ac8f1-f371-4e8c-b564-9f27757300c9', 'tes', '1e8ebe57-3796-4ce4-a516-c16a96bdd125', '58cc8883-bdbe-401d-a278-a42feb0f50be', '2025-03-09 07:38:24.985'),
('c5f25310-1edd-40b4-995f-78a8917c9efe', 'Laporan Anda telah diterima dan sedang menunggu untuk ditinjau oleh tim PART.', 'f00c8d2e-ce9c-4918-a7b2-4a3dd1d47ce9', '58cc8883-bdbe-401d-a278-a42feb0f50be', '2025-03-07 15:54:52.197'),
('eba53cdd-7258-405b-acc7-7c1f1ac5839b', 'terima kasih pak', '1c6e11ee-7b2b-4d46-bec4-a383f8e5a5cc', '58cc8883-bdbe-401d-a278-a42feb0f50be', '2025-03-09 09:21:57.126'),
('ee4cf477-0629-42cd-89ba-02c27cf93bc4', 'Laporan Anda telah diterima dan sedang menunggu untuk ditinjau oleh tim PART.', '58a473ab-e24b-466d-87d1-a16c70bd3618', '58cc8883-bdbe-401d-a278-a42feb0f50be', '2025-03-07 15:27:13.465'),
('f91c73e5-c9c9-4666-af4a-2ffd0a3eb32a', 'tes', '9c8d7d9d-7c60-41b9-a4d3-5f9705632ca1', '58cc8883-bdbe-401d-a278-a42feb0f50be', '2025-03-07 15:37:32.840');

-- --------------------------------------------------------

--
-- Table structure for table `image`
--

CREATE TABLE `image` (
  `id` varchar(191) NOT NULL,
  `url` varchar(191) NOT NULL,
  `reportId` varchar(191) NOT NULL,
  `createdAt` datetime(3) NOT NULL DEFAULT current_timestamp(3)
) ENGINE=InnoDB DEFAULT CHARSET=utf8mb4 COLLATE=utf8mb4_unicode_ci;

--
-- Dumping data for table `image`
--

INSERT INTO `image` (`id`, `url`, `reportId`, `createdAt`) VALUES
('1d299926-81d5-4170-b007-f5a3c1dc1d9a', '/uploads/1741512245963-photo_2023-05-31_15-33-38.jpg', 'e2f77b5a-d678-4d2a-8391-8fc35aeeed2b', '2025-03-09 09:24:05.965'),
('27f1aa63-0ae3-4b17-900d-ca558fdf1e98', '/uploads/report_713c1ea8-c43b-412e-ae0e-e17a2da74588_1741514474629.png', '713c1ea8-c43b-412e-ae0e-e17a2da74588', '2025-03-09 10:01:14.633'),
('2b93ce62-3d06-4b10-be7a-08f773b2f0e6', '/uploads/1741511539105-Screenshot (1).png', '1c6e11ee-7b2b-4d46-bec4-a383f8e5a5cc', '2025-03-09 09:12:19.107'),
('6881c6ce-fa99-4bff-8e2f-8d329351e7ba', '/uploads/report_9ddea479-db69-4799-adef-e871501dd9b3_1741514564560.jpeg', '9ddea479-db69-4799-adef-e871501dd9b3', '2025-03-09 10:02:44.562'),
('68c807e5-162f-4b60-85b3-85141083d733', '/uploads/1741420668183-20230901_171023.jpg-f1316882-1a3b-4920-a172-d723bb80d38e', 'f1316882-1a3b-4920-a172-d723bb80d38e', '2025-03-08 07:57:48.223'),
('8f3dc084-2048-47fa-b228-00bd3aa899e7', '/uploads/1741420668182-7cef21f5ef4d530ce1bf7dff0c14b96d.jpg-f1316882-1a3b-4920-a172-d723bb80d38e', 'f1316882-1a3b-4920-a172-d723bb80d38e', '2025-03-08 07:57:48.191'),
('9f3bcaa2-1d03-4501-9b7f-e6c1ed580acb', '/uploads/1741512283549-aaa.png', '590de698-fbb3-414a-be5b-adf26d5eafa6', '2025-03-09 09:24:43.550'),
('a11fbf4a-2139-49ed-bd2b-251c80b6ac63', '/uploads/1741361656561-20230901_171023.jpg', '9c8d7d9d-7c60-41b9-a4d3-5f9705632ca1', '2025-03-07 15:34:16.562'),
('b209ee9b-9f49-4d2f-b161-5b723aea2de2', '/uploads/1741362892189-7cef21f5ef4d530ce1bf7dff0c14b96d.jpg', 'f00c8d2e-ce9c-4918-a7b2-4a3dd1d47ce9', '2025-03-07 15:54:52.190'),
('b8c250e1-0a1d-464c-92ad-98bc93d5444c', '/uploads/1741363275129-7cef21f5ef4d530ce1bf7dff0c14b96d.jpg-4955c3a8-6b91-4f9c-87ca-4a7fd0cb5a09', '4955c3a8-6b91-4f9c-87ca-4a7fd0cb5a09', '2025-03-07 16:01:15.132'),
('ba2f1647-cd84-42fa-a49c-eafe93af259b', '/uploads/1741361233460-7cef21f5ef4d530ce1bf7dff0c14b96d.jpg', '58a473ab-e24b-466d-87d1-a16c70bd3618', '2025-03-07 15:27:13.461'),
('ca031419-8bd1-44be-9edd-d048e64f6849', '/uploads/1741362302392-7cef21f5ef4d530ce1bf7dff0c14b96d.jpg', '34919e40-f0d8-4bb6-b5b4-caae17d7b8f3', '2025-03-07 15:45:02.394'),
('e6c7d3b6-30e6-41cb-bef5-1bd4fd0be30d', '/uploads/1741447230605-key (1).png-933f4bb3-728f-4c78-b18c-a43757b06759', '933f4bb3-728f-4c78-b18c-a43757b06759', '2025-03-08 15:20:30.610');

-- --------------------------------------------------------

--
-- Table structure for table `report`
--

CREATE TABLE `report` (
  `id` varchar(191) NOT NULL,
  `title` varchar(191) NOT NULL,
  `description` text NOT NULL,
  `category` varchar(191) NOT NULL,
  `status` enum('PENDING','IN_PROGRESS','COMPLETED') NOT NULL DEFAULT 'PENDING',
  `userId` varchar(191) NOT NULL,
  `roomId` varchar(191) NOT NULL,
  `createdAt` datetime(3) NOT NULL DEFAULT current_timestamp(3),
  `updatedAt` datetime(3) NOT NULL,
  `completedAt` datetime(3) DEFAULT NULL,
  `completionNotes` text DEFAULT NULL,
  `reportedBuilding` varchar(191) NOT NULL,
  `reportedRoomNumber` varchar(191) NOT NULL
) ENGINE=InnoDB DEFAULT CHARSET=utf8mb4 COLLATE=utf8mb4_unicode_ci;

--
-- Dumping data for table `report`
--

INSERT INTO `report` (`id`, `title`, `description`, `category`, `status`, `userId`, `roomId`, `createdAt`, `updatedAt`, `completedAt`, `completionNotes`, `reportedBuilding`, `reportedRoomNumber`) VALUES
('1c6e11ee-7b2b-4d46-bec4-a383f8e5a5cc', 'taruna madya', 'sadsa', 'electrical', 'PENDING', '58cc8883-bdbe-401d-a278-a42feb0f50be', 'B-201', '2025-03-09 09:12:19.099', '2025-03-09 09:12:19.099', NULL, NULL, 'B', '123'),
('1e23659c-14f2-418d-8759-957b0a3ccea7', 'taruna madya', 'adsdas', 'furniture', 'COMPLETED', '58cc8883-bdbe-401d-a278-a42feb0f50be', 'B-201', '2025-03-09 06:43:14.246', '2025-03-09 07:38:03.331', NULL, NULL, 'B', '123'),
('1e8ebe57-3796-4ce4-a516-c16a96bdd125', 'taruna madya', 'asdas', 'plumbing', 'COMPLETED', '58cc8883-bdbe-401d-a278-a42feb0f50be', 'B-201', '2025-03-09 07:28:52.581', '2025-03-09 07:58:24.839', NULL, NULL, 'B', '123'),
('278ccec8-3bc9-4f8b-9a35-c708c1622521', 'taruna madya', 'aa', 'plumbing', 'PENDING', '58cc8883-bdbe-401d-a278-a42feb0f50be', '6bf23c6b-cadb-4088-95fb-e6b082b77484', '2025-03-09 10:02:19.297', '2025-03-09 10:02:19.297', NULL, NULL, 'B', '222'),
('31ee9fb8-62f8-412a-bf1e-d454863b8067', 'aa', 'aaa', 'electrical', 'COMPLETED', '58cc8883-bdbe-401d-a278-a42feb0f50be', 'B-201', '2025-03-09 07:03:45.599', '2025-03-09 07:23:43.491', NULL, NULL, 'B', '123'),
('33c2265b-3cb5-4250-93a9-aad8112270f6', 'taruna madyasdsadsa', 'sdsad', 'door', 'PENDING', '58cc8883-bdbe-401d-a278-a42feb0f50be', 'B-201', '2025-03-09 08:01:43.913', '2025-03-09 08:01:43.913', NULL, NULL, 'B', '123'),
('34919e40-f0d8-4bb6-b5b4-caae17d7b8f3', 'tes', 'asdas', 'plumbing', 'PENDING', '58cc8883-bdbe-401d-a278-a42feb0f50be', '6554c8a1-3471-4967-a696-10f098f599f2', '2025-03-07 15:45:02.387', '2025-03-07 15:45:02.387', NULL, NULL, 'A', '101'),
('4955c3a8-6b91-4f9c-87ca-4a7fd0cb5a09', 'asd', 'dasd', 'plumbing', 'PENDING', '58cc8883-bdbe-401d-a278-a42feb0f50be', '6554c8a1-3471-4967-a696-10f098f599f2', '2025-03-07 16:01:15.122', '2025-03-07 16:01:15.122', NULL, NULL, 'A', '101'),
('58a473ab-e24b-466d-87d1-a16c70bd3618', 'asd', 'dasd', 'furniture', 'PENDING', '58cc8883-bdbe-401d-a278-a42feb0f50be', '6554c8a1-3471-4967-a696-10f098f599f2', '2025-03-07 15:27:13.455', '2025-03-07 15:27:13.455', NULL, NULL, 'A', '101'),
('590de698-fbb3-414a-be5b-adf26d5eafa6', 'taruna madyaa1qq', 'sad', 'plumbing', 'PENDING', '58cc8883-bdbe-401d-a278-a42feb0f50be', 'B-201', '2025-03-09 09:24:43.546', '2025-03-09 09:24:43.546', NULL, NULL, 'A', '123'),
('713c1ea8-c43b-412e-ae0e-e17a2da74588', 'taruna madya', 'asd', 'plumbing', 'PENDING', '58cc8883-bdbe-401d-a278-a42feb0f50be', 'B-201', '2025-03-09 10:01:14.621', '2025-03-09 10:01:14.621', NULL, NULL, 'B', '201'),
('933f4bb3-728f-4c78-b18c-a43757b06759', 'asda', 'sdasa', 'plumbing', 'COMPLETED', '58cc8883-bdbe-401d-a278-a42feb0f50be', '6554c8a1-3471-4967-a696-10f098f599f2', '2025-03-08 15:20:30.582', '2025-03-09 06:36:28.916', NULL, NULL, 'A', '101'),
('9c8d7d9d-7c60-41b9-a4d3-5f9705632ca1', 'asd', 'asd', 'plumbing', 'PENDING', '58cc8883-bdbe-401d-a278-a42feb0f50be', '6554c8a1-3471-4967-a696-10f098f599f2', '2025-03-07 15:34:16.558', '2025-03-07 15:34:16.558', NULL, NULL, 'A', '101'),
('9ddea479-db69-4799-adef-e871501dd9b3', 'taruna madya', 'asd', 'plumbing', 'COMPLETED', '58cc8883-bdbe-401d-a278-a42feb0f50be', 'e691f519-01c2-4542-8c5e-6c5f9db09c61', '2025-03-09 10:02:44.557', '2025-03-09 15:04:15.561', NULL, NULL, 'B', '123'),
('a2511658-2787-454b-a88e-c7bd4c2cf64e', 'asdaaqq', 'sd', 'electrical', 'PENDING', '58cc8883-bdbe-401d-a278-a42feb0f50be', 'B-201', '2025-03-09 08:58:09.513', '2025-03-09 08:58:09.513', NULL, NULL, 'A', '231'),
('b64e86e2-23f4-4e4a-b34b-a86495d42cc8', 'asd', 'sadsad', 'furniture', 'COMPLETED', '58cc8883-bdbe-401d-a278-a42feb0f50be', 'B-201', '2025-03-09 04:38:03.218', '2025-03-09 06:45:41.119', NULL, NULL, 'B', '501'),
('d1c07a0a-ca73-4a20-a4f5-b0ed717b8252', 'dasd', 'dasd', 'plumbing', 'COMPLETED', '58cc8883-bdbe-401d-a278-a42feb0f50be', 'B-201', '2025-03-09 06:41:54.004', '2025-03-09 07:38:04.037', NULL, NULL, 'A', '123'),
('e2f77b5a-d678-4d2a-8391-8fc35aeeed2b', 'taruna madyaaaa', 'asd', 'furniture', 'PENDING', '58cc8883-bdbe-401d-a278-a42feb0f50be', 'B-201', '2025-03-09 09:24:05.960', '2025-03-09 09:24:05.960', NULL, NULL, 'B', '201'),
('f00c8d2e-ce9c-4918-a7b2-4a3dd1d47ce9', 'adsa', 'dsad', 'plumbing', 'PENDING', '58cc8883-bdbe-401d-a278-a42feb0f50be', '6554c8a1-3471-4967-a696-10f098f599f2', '2025-03-07 15:54:52.185', '2025-03-07 15:54:52.185', NULL, NULL, 'A', '101'),
('f1316882-1a3b-4920-a172-d723bb80d38e', 'asd', 'aaaa', 'plumbing', 'PENDING', '58cc8883-bdbe-401d-a278-a42feb0f50be', '6554c8a1-3471-4967-a696-10f098f599f2', '2025-03-08 07:57:48.151', '2025-03-08 07:57:48.151', NULL, NULL, 'A', '101');

-- --------------------------------------------------------

--
-- Table structure for table `room`
--

CREATE TABLE `room` (
  `id` varchar(191) NOT NULL,
  `number` varchar(191) NOT NULL,
  `building` varchar(191) NOT NULL,
  `floor` varchar(191) NOT NULL,
  `createdAt` datetime(3) NOT NULL DEFAULT current_timestamp(3),
  `updatedAt` datetime(3) NOT NULL
) ENGINE=InnoDB DEFAULT CHARSET=utf8mb4 COLLATE=utf8mb4_unicode_ci;

--
-- Dumping data for table `room`
--

INSERT INTO `room` (`id`, `number`, `building`, `floor`, `createdAt`, `updatedAt`) VALUES
('6554c8a1-3471-4967-a696-10f098f599f2', '502', 'C', '5', '2025-03-07 14:40:10.641', '2025-03-07 14:40:10.641'),
('6bf23c6b-cadb-4088-95fb-e6b082b77484', '222', 'B', '2', '2025-03-09 10:02:19.294', '2025-03-09 10:02:19.294'),
('A-101', '101', 'A', '1', '2025-03-07 07:20:36.679', '2025-03-07 07:20:36.679'),
('A-102', '102', 'A', '1', '2025-03-07 07:20:36.703', '2025-03-07 07:20:36.703'),
('A-103', '103', 'A', '1', '2025-03-07 07:20:36.711', '2025-03-07 07:20:36.711'),
('A-104', '104', 'A', '1', '2025-03-07 07:20:36.713', '2025-03-07 07:20:36.713'),
('A-105', '105', 'A', '1', '2025-03-07 07:20:36.717', '2025-03-07 07:20:36.717'),
('A-106', '106', 'A', '1', '2025-03-07 07:20:36.721', '2025-03-07 07:20:36.721'),
('A-107', '107', 'A', '1', '2025-03-07 07:20:36.724', '2025-03-07 07:20:36.724'),
('A-108', '108', 'A', '1', '2025-03-07 07:20:36.727', '2025-03-07 07:20:36.727'),
('A-109', '109', 'A', '1', '2025-03-07 07:20:36.730', '2025-03-07 07:20:36.730'),
('A-110', '110', 'A', '1', '2025-03-07 07:20:36.733', '2025-03-07 07:20:36.733'),
('A-201', '201', 'A', '2', '2025-03-07 07:20:36.736', '2025-03-07 07:20:36.736'),
('A-202', '202', 'A', '2', '2025-03-07 07:20:36.738', '2025-03-07 07:20:36.738'),
('A-203', '203', 'A', '2', '2025-03-07 07:20:36.741', '2025-03-07 07:20:36.741'),
('A-204', '204', 'A', '2', '2025-03-07 07:20:36.744', '2025-03-07 07:20:36.744'),
('A-205', '205', 'A', '2', '2025-03-07 07:20:36.746', '2025-03-07 07:20:36.746'),
('A-206', '206', 'A', '2', '2025-03-07 07:20:36.749', '2025-03-07 07:20:36.749'),
('A-207', '207', 'A', '2', '2025-03-07 07:20:36.752', '2025-03-07 07:20:36.752'),
('A-208', '208', 'A', '2', '2025-03-07 07:20:36.754', '2025-03-07 07:20:36.754'),
('A-209', '209', 'A', '2', '2025-03-07 07:20:36.757', '2025-03-07 07:20:36.757'),
('A-210', '210', 'A', '2', '2025-03-07 07:20:36.759', '2025-03-07 07:20:36.759'),
('A-301', '301', 'A', '3', '2025-03-07 07:20:36.762', '2025-03-07 07:20:36.762'),
('A-302', '302', 'A', '3', '2025-03-07 07:20:36.764', '2025-03-07 07:20:36.764'),
('A-303', '303', 'A', '3', '2025-03-07 07:20:36.767', '2025-03-07 07:20:36.767'),
('A-304', '304', 'A', '3', '2025-03-07 07:20:36.769', '2025-03-07 07:20:36.769'),
('A-305', '305', 'A', '3', '2025-03-07 07:20:36.772', '2025-03-07 07:20:36.772'),
('A-306', '306', 'A', '3', '2025-03-07 07:20:36.774', '2025-03-07 07:20:36.774'),
('A-307', '307', 'A', '3', '2025-03-07 07:20:36.777', '2025-03-07 07:20:36.777'),
('A-308', '308', 'A', '3', '2025-03-07 07:20:36.779', '2025-03-07 07:20:36.779'),
('A-309', '309', 'A', '3', '2025-03-07 07:20:36.781', '2025-03-07 07:20:36.781'),
('A-310', '310', 'A', '3', '2025-03-07 07:20:36.784', '2025-03-07 07:20:36.784'),
('A-401', '401', 'A', '4', '2025-03-07 07:20:36.786', '2025-03-07 07:20:36.786'),
('A-402', '402', 'A', '4', '2025-03-07 07:20:36.789', '2025-03-07 07:20:36.789'),
('A-403', '403', 'A', '4', '2025-03-07 07:20:36.791', '2025-03-07 07:20:36.791'),
('A-404', '404', 'A', '4', '2025-03-07 07:20:36.794', '2025-03-07 07:20:36.794'),
('A-405', '405', 'A', '4', '2025-03-07 07:20:36.797', '2025-03-07 07:20:36.797'),
('A-406', '406', 'A', '4', '2025-03-07 07:20:36.799', '2025-03-07 07:20:36.799'),
('A-407', '407', 'A', '4', '2025-03-07 07:20:36.801', '2025-03-07 07:20:36.801'),
('A-408', '408', 'A', '4', '2025-03-07 07:20:36.804', '2025-03-07 07:20:36.804'),
('A-409', '409', 'A', '4', '2025-03-07 07:20:36.806', '2025-03-07 07:20:36.806'),
('A-410', '410', 'A', '4', '2025-03-07 07:20:36.809', '2025-03-07 07:20:36.809'),
('B-101', '101', 'B', '1', '2025-03-07 07:20:36.811', '2025-03-07 07:20:36.811'),
('B-102', '102', 'B', '1', '2025-03-07 07:20:36.813', '2025-03-07 07:20:36.813'),
('B-103', '103', 'B', '1', '2025-03-07 07:20:36.815', '2025-03-07 07:20:36.815'),
('B-104', '104', 'B', '1', '2025-03-07 07:20:36.818', '2025-03-07 07:20:36.818'),
('B-105', '105', 'B', '1', '2025-03-07 07:20:36.820', '2025-03-07 07:20:36.820'),
('B-106', '106', 'B', '1', '2025-03-07 07:20:36.823', '2025-03-07 07:20:36.823'),
('B-107', '107', 'B', '1', '2025-03-07 07:20:36.825', '2025-03-07 07:20:36.825'),
('B-108', '108', 'B', '1', '2025-03-07 07:20:36.828', '2025-03-07 07:20:36.828'),
('B-109', '109', 'B', '1', '2025-03-07 07:20:36.830', '2025-03-07 07:20:36.830'),
('B-110', '110', 'B', '1', '2025-03-07 07:20:36.832', '2025-03-07 07:20:36.832'),
('B-201', '201', 'B', '2', '2025-03-07 07:20:36.835', '2025-03-07 07:20:36.835'),
('B-202', '202', 'B', '2', '2025-03-07 07:20:36.837', '2025-03-07 07:20:36.837'),
('B-203', '203', 'B', '2', '2025-03-07 07:20:36.839', '2025-03-07 07:20:36.839'),
('B-204', '204', 'B', '2', '2025-03-07 07:20:36.842', '2025-03-07 07:20:36.842'),
('B-205', '205', 'B', '2', '2025-03-07 07:20:36.844', '2025-03-07 07:20:36.844'),
('B-206', '206', 'B', '2', '2025-03-07 07:20:36.847', '2025-03-07 07:20:36.847'),
('B-207', '207', 'B', '2', '2025-03-07 07:20:36.849', '2025-03-07 07:20:36.849'),
('B-208', '208', 'B', '2', '2025-03-07 07:20:36.851', '2025-03-07 07:20:36.851'),
('B-209', '209', 'B', '2', '2025-03-07 07:20:36.854', '2025-03-07 07:20:36.854'),
('B-210', '210', 'B', '2', '2025-03-07 07:20:36.856', '2025-03-07 07:20:36.856'),
('B-301', '301', 'B', '3', '2025-03-07 07:20:36.858', '2025-03-07 07:20:36.858'),
('B-302', '302', 'B', '3', '2025-03-07 07:20:36.861', '2025-03-07 07:20:36.861'),
('B-303', '303', 'B', '3', '2025-03-07 07:20:36.863', '2025-03-07 07:20:36.863'),
('B-304', '304', 'B', '3', '2025-03-07 07:20:36.866', '2025-03-07 07:20:36.866'),
('B-305', '305', 'B', '3', '2025-03-07 07:20:36.869', '2025-03-07 07:20:36.869'),
('B-306', '306', 'B', '3', '2025-03-07 07:20:36.872', '2025-03-07 07:20:36.872'),
('B-307', '307', 'B', '3', '2025-03-07 07:20:36.874', '2025-03-07 07:20:36.874'),
('B-308', '308', 'B', '3', '2025-03-07 07:20:36.877', '2025-03-07 07:20:36.877'),
('B-309', '309', 'B', '3', '2025-03-07 07:20:36.879', '2025-03-07 07:20:36.879'),
('B-310', '310', 'B', '3', '2025-03-07 07:20:36.881', '2025-03-07 07:20:36.881'),
('B-401', '401', 'B', '4', '2025-03-07 07:20:36.884', '2025-03-07 07:20:36.884'),
('B-402', '402', 'B', '4', '2025-03-07 07:20:36.886', '2025-03-07 07:20:36.886'),
('B-403', '403', 'B', '4', '2025-03-07 07:20:36.889', '2025-03-07 07:20:36.889'),
('B-404', '404', 'B', '4', '2025-03-07 07:20:36.891', '2025-03-07 07:20:36.891'),
('B-405', '405', 'B', '4', '2025-03-07 07:20:36.894', '2025-03-07 07:20:36.894'),
('B-406', '406', 'B', '4', '2025-03-07 07:20:36.896', '2025-03-07 07:20:36.896'),
('B-407', '407', 'B', '4', '2025-03-07 07:20:36.899', '2025-03-07 07:20:36.899'),
('B-408', '408', 'B', '4', '2025-03-07 07:20:36.901', '2025-03-07 07:20:36.901'),
('B-409', '409', 'B', '4', '2025-03-07 07:20:36.904', '2025-03-07 07:20:36.904'),
('B-410', '410', 'B', '4', '2025-03-07 07:20:36.906', '2025-03-07 07:20:36.906'),
('C-101', '101', 'C', '1', '2025-03-07 07:20:36.909', '2025-03-07 07:20:36.909'),
('C-102', '102', 'C', '1', '2025-03-07 07:20:36.912', '2025-03-07 07:20:36.912'),
('C-103', '103', 'C', '1', '2025-03-07 07:20:36.914', '2025-03-07 07:20:36.914'),
('C-104', '104', 'C', '1', '2025-03-07 07:20:36.916', '2025-03-07 07:20:36.916'),
('C-105', '105', 'C', '1', '2025-03-07 07:20:36.919', '2025-03-07 07:20:36.919'),
('C-106', '106', 'C', '1', '2025-03-07 07:20:36.921', '2025-03-07 07:20:36.921'),
('C-107', '107', 'C', '1', '2025-03-07 07:20:36.924', '2025-03-07 07:20:36.924'),
('C-108', '108', 'C', '1', '2025-03-07 07:20:36.926', '2025-03-07 07:20:36.926'),
('C-109', '109', 'C', '1', '2025-03-07 07:20:36.929', '2025-03-07 07:20:36.929'),
('C-110', '110', 'C', '1', '2025-03-07 07:20:36.932', '2025-03-07 07:20:36.932'),
('C-201', '201', 'C', '2', '2025-03-07 07:20:36.934', '2025-03-07 07:20:36.934'),
('C-202', '202', 'C', '2', '2025-03-07 07:20:36.937', '2025-03-07 07:20:36.937'),
('C-203', '203', 'C', '2', '2025-03-07 07:20:36.940', '2025-03-07 07:20:36.940'),
('C-204', '204', 'C', '2', '2025-03-07 07:20:36.942', '2025-03-07 07:20:36.942'),
('C-205', '205', 'C', '2', '2025-03-07 07:20:36.945', '2025-03-07 07:20:36.945'),
('C-206', '206', 'C', '2', '2025-03-07 07:20:36.947', '2025-03-07 07:20:36.947'),
('C-207', '207', 'C', '2', '2025-03-07 07:20:36.950', '2025-03-07 07:20:36.950'),
('C-208', '208', 'C', '2', '2025-03-07 07:20:36.952', '2025-03-07 07:20:36.952'),
('C-209', '209', 'C', '2', '2025-03-07 07:20:36.955', '2025-03-07 07:20:36.955'),
('C-210', '210', 'C', '2', '2025-03-07 07:20:36.957', '2025-03-07 07:20:36.957'),
('C-301', '301', 'C', '3', '2025-03-07 07:20:36.960', '2025-03-07 07:20:36.960'),
('C-302', '302', 'C', '3', '2025-03-07 07:20:36.962', '2025-03-07 07:20:36.962'),
('C-303', '303', 'C', '3', '2025-03-07 07:20:36.965', '2025-03-07 07:20:36.965'),
('C-304', '304', 'C', '3', '2025-03-07 07:20:36.967', '2025-03-07 07:20:36.967'),
('C-305', '305', 'C', '3', '2025-03-07 07:20:36.970', '2025-03-07 07:20:36.970'),
('C-306', '306', 'C', '3', '2025-03-07 07:20:36.972', '2025-03-07 07:20:36.972'),
('C-307', '307', 'C', '3', '2025-03-07 07:20:36.975', '2025-03-07 07:20:36.975'),
('C-308', '308', 'C', '3', '2025-03-07 07:20:36.978', '2025-03-07 07:20:36.978'),
('C-309', '309', 'C', '3', '2025-03-07 07:20:36.981', '2025-03-07 07:20:36.981'),
('C-310', '310', 'C', '3', '2025-03-07 07:20:36.983', '2025-03-07 07:20:36.983'),
('C-401', '401', 'C', '4', '2025-03-07 07:20:36.986', '2025-03-07 07:20:36.986'),
('C-402', '402', 'C', '4', '2025-03-07 07:20:36.988', '2025-03-07 07:20:36.988'),
('C-403', '403', 'C', '4', '2025-03-07 07:20:36.991', '2025-03-07 07:20:36.991'),
('C-404', '404', 'C', '4', '2025-03-07 07:20:36.993', '2025-03-07 07:20:36.993'),
('C-405', '405', 'C', '4', '2025-03-07 07:20:36.995', '2025-03-07 07:20:36.995'),
('C-406', '406', 'C', '4', '2025-03-07 07:20:36.998', '2025-03-07 07:20:36.998'),
('C-407', '407', 'C', '4', '2025-03-07 07:20:37.000', '2025-03-07 07:20:37.000'),
('C-408', '408', 'C', '4', '2025-03-07 07:20:37.003', '2025-03-07 07:20:37.003'),
('C-409', '409', 'C', '4', '2025-03-07 07:20:37.006', '2025-03-07 07:20:37.006'),
('C-410', '410', 'C', '4', '2025-03-07 07:20:37.008', '2025-03-07 07:20:37.008'),
('c4eca7af-bfeb-49a5-a818-308afd336bef', '502', 'A', '5', '2025-03-07 07:22:10.625', '2025-03-07 07:22:10.625'),
('c872b582-bd88-4d2d-bc05-cc4fa1ecc2fb', '211', 'A', '2', '2025-03-09 10:02:00.965', '2025-03-09 10:02:00.965'),
('D-101', '101', 'D', '1', '2025-03-07 07:20:37.010', '2025-03-07 07:20:37.010'),
('D-102', '102', 'D', '1', '2025-03-07 07:20:37.013', '2025-03-07 07:20:37.013'),
('D-103', '103', 'D', '1', '2025-03-07 07:20:37.016', '2025-03-07 07:20:37.016'),
('D-104', '104', 'D', '1', '2025-03-07 07:20:37.019', '2025-03-07 07:20:37.019'),
('D-105', '105', 'D', '1', '2025-03-07 07:20:37.021', '2025-03-07 07:20:37.021'),
('D-106', '106', 'D', '1', '2025-03-07 07:20:37.024', '2025-03-07 07:20:37.024'),
('D-107', '107', 'D', '1', '2025-03-07 07:20:37.027', '2025-03-07 07:20:37.027'),
('D-108', '108', 'D', '1', '2025-03-07 07:20:37.029', '2025-03-07 07:20:37.029'),
('D-109', '109', 'D', '1', '2025-03-07 07:20:37.031', '2025-03-07 07:20:37.031'),
('D-110', '110', 'D', '1', '2025-03-07 07:20:37.033', '2025-03-07 07:20:37.033'),
('D-201', '201', 'D', '2', '2025-03-07 07:20:37.036', '2025-03-07 07:20:37.036'),
('D-202', '202', 'D', '2', '2025-03-07 07:20:37.038', '2025-03-07 07:20:37.038'),
('D-203', '203', 'D', '2', '2025-03-07 07:20:37.041', '2025-03-07 07:20:37.041'),
('D-204', '204', 'D', '2', '2025-03-07 07:20:37.043', '2025-03-07 07:20:37.043'),
('D-205', '205', 'D', '2', '2025-03-07 07:20:37.045', '2025-03-07 07:20:37.045'),
('D-206', '206', 'D', '2', '2025-03-07 07:20:37.048', '2025-03-07 07:20:37.048'),
('D-207', '207', 'D', '2', '2025-03-07 07:20:37.050', '2025-03-07 07:20:37.050'),
('D-208', '208', 'D', '2', '2025-03-07 07:20:37.052', '2025-03-07 07:20:37.052'),
('D-209', '209', 'D', '2', '2025-03-07 07:20:37.054', '2025-03-07 07:20:37.054'),
('D-210', '210', 'D', '2', '2025-03-07 07:20:37.057', '2025-03-07 07:20:37.057'),
('D-301', '301', 'D', '3', '2025-03-07 07:20:37.059', '2025-03-07 07:20:37.059'),
('D-302', '302', 'D', '3', '2025-03-07 07:20:37.061', '2025-03-07 07:20:37.061'),
('D-303', '303', 'D', '3', '2025-03-07 07:20:37.064', '2025-03-07 07:20:37.064'),
('D-304', '304', 'D', '3', '2025-03-07 07:20:37.066', '2025-03-07 07:20:37.066'),
('D-305', '305', 'D', '3', '2025-03-07 07:20:37.068', '2025-03-07 07:20:37.068'),
('D-306', '306', 'D', '3', '2025-03-07 07:20:37.071', '2025-03-07 07:20:37.071'),
('D-307', '307', 'D', '3', '2025-03-07 07:20:37.073', '2025-03-07 07:20:37.073'),
('D-308', '308', 'D', '3', '2025-03-07 07:20:37.076', '2025-03-07 07:20:37.076'),
('D-309', '309', 'D', '3', '2025-03-07 07:20:37.078', '2025-03-07 07:20:37.078'),
('D-310', '310', 'D', '3', '2025-03-07 07:20:37.080', '2025-03-07 07:20:37.080'),
('D-401', '401', 'D', '4', '2025-03-07 07:20:37.083', '2025-03-07 07:20:37.083'),
('D-402', '402', 'D', '4', '2025-03-07 07:20:37.085', '2025-03-07 07:20:37.085'),
('D-403', '403', 'D', '4', '2025-03-07 07:20:37.088', '2025-03-07 07:20:37.088'),
('D-404', '404', 'D', '4', '2025-03-07 07:20:37.090', '2025-03-07 07:20:37.090'),
('D-405', '405', 'D', '4', '2025-03-07 07:20:37.092', '2025-03-07 07:20:37.092'),
('D-406', '406', 'D', '4', '2025-03-07 07:20:37.095', '2025-03-07 07:20:37.095'),
('D-407', '407', 'D', '4', '2025-03-07 07:20:37.097', '2025-03-07 07:20:37.097'),
('D-408', '408', 'D', '4', '2025-03-07 07:20:37.100', '2025-03-07 07:20:37.100'),
('D-409', '409', 'D', '4', '2025-03-07 07:20:37.102', '2025-03-07 07:20:37.102'),
('D-410', '410', 'D', '4', '2025-03-07 07:20:37.104', '2025-03-07 07:20:37.104'),
('e691f519-01c2-4542-8c5e-6c5f9db09c61', '123', 'B', '1', '2025-03-09 10:02:44.554', '2025-03-09 10:02:44.554'),
('fde00cbd-1760-42bf-9e7c-61b7475995d3', '111', 'A', '1', '2025-03-09 09:55:43.154', '2025-03-09 09:55:43.154');

-- --------------------------------------------------------

--
-- Table structure for table `user`
--

CREATE TABLE `user` (
  `id` varchar(191) NOT NULL,
  `name` varchar(191) NOT NULL,
  `email` varchar(191) NOT NULL,
  `password` varchar(191) NOT NULL,
  `role` enum('USER','ADMIN','STAFF') NOT NULL DEFAULT 'USER',
  `roomId` varchar(191) DEFAULT NULL,
  `createdAt` datetime(3) NOT NULL DEFAULT current_timestamp(3),
  `updatedAt` datetime(3) NOT NULL
) ENGINE=InnoDB DEFAULT CHARSET=utf8mb4 COLLATE=utf8mb4_unicode_ci;

--
-- Dumping data for table `user`
--

INSERT INTO `user` (`id`, `name`, `email`, `password`, `role`, `roomId`, `createdAt`, `updatedAt`) VALUES
('09a99f7e-50be-4e1a-8faa-e2fc8d85ecbc', 'Citra Teknisi', 'citra@example.com', '$2b$10$Zks4ZmLl287WQgR8yUweX.RweBZ/mLEPU1YAbPRvPuCSMxuF5A48S', 'STAFF', NULL, '2025-03-07 07:20:37.253', '2025-03-07 07:20:37.253'),
('28aeae4f-f3c3-4e4b-b999-38245f80e80b', 'Dewi Lestari', 'dewi@example.com', '$2b$10$1pBoW80x.ZMpCPcHzXy9j.yoi9SyTI6VjhpXxXfQnX8QGELomKDj6', 'USER', 'B-205', '2025-03-07 07:20:37.324', '2025-03-07 07:20:37.324'),
('2a1a06b0-ff14-4d58-8bd5-6a92a20f0103', 'Ahmad Rizki', 'ahmad.rizki@example.com', '$2b$10$1pBoW80x.ZMpCPcHzXy9j.yoi9SyTI6VjhpXxXfQnX8QGELomKDj6', 'USER', 'C-310', '2025-03-07 07:20:37.327', '2025-03-07 07:20:37.327'),
('4462a42d-07cf-40ff-8231-7888b813c1b6', 'Ahmad Teknisi', 'ahmad@example.com', '$2b$10$Zks4ZmLl287WQgR8yUweX.RweBZ/mLEPU1YAbPRvPuCSMxuF5A48S', 'STAFF', NULL, '2025-03-07 07:20:37.245', '2025-03-07 07:20:37.245'),
('58cc8883-bdbe-401d-a278-a42feb0f50be', 'aufar', 'aufar@tes.com', '$2b$10$11SBD/fZkzVe76o0W8GYtOp0d5QUM.QS7C01FFCtun1JOUgfcGocu', 'USER', 'c872b582-bd88-4d2d-bc05-cc4fa1ecc2fb', '2025-03-07 14:40:10.714', '2025-03-09 10:02:00.969'),
('643379d4-9b35-43ac-8661-dfaa11b76940', 'siddiq', 'siddiq@gmail.com', '$2b$10$dJCdTC.HmN/QIS4OmhVUdelmUU1yt.eY3.ll/X2w.nsS.rSNlcWzO', 'USER', 'c4eca7af-bfeb-49a5-a818-308afd336bef', '2025-03-07 07:22:10.688', '2025-03-07 07:22:10.688'),
('b849bc10-2008-4180-ad76-695b4d422280', 'Budi Teknisi', 'budi.teknisi@example.com', '$2b$10$Zks4ZmLl287WQgR8yUweX.RweBZ/mLEPU1YAbPRvPuCSMxuF5A48S', 'STAFF', NULL, '2025-03-07 07:20:37.250', '2025-03-07 07:20:37.250'),
('ba3def1e-5270-487f-afe4-31003853717e', 'Admin PART', 'admin@example.com', '$2b$10$KhBMvmXdxqCgIxM7KmIwu.0eOVucDGYADhvO2NJTBUpm4WMaEZ9AC', 'ADMIN', NULL, '2025-03-07 07:20:37.172', '2025-03-07 07:20:37.172'),
('e08b2c80-6695-4656-8e4c-74c658f329e2', 'Budi Santoso', 'budi@example.com', '$2b$10$1pBoW80x.ZMpCPcHzXy9j.yoi9SyTI6VjhpXxXfQnX8QGELomKDj6', 'USER', 'A-101', '2025-03-07 07:20:37.319', '2025-03-07 07:20:37.319');

-- --------------------------------------------------------

--
-- Table structure for table `_prisma_migrations`
--

CREATE TABLE `_prisma_migrations` (
  `id` varchar(36) NOT NULL,
  `checksum` varchar(64) NOT NULL,
  `finished_at` datetime(3) DEFAULT NULL,
  `migration_name` varchar(255) NOT NULL,
  `logs` text DEFAULT NULL,
  `rolled_back_at` datetime(3) DEFAULT NULL,
  `started_at` datetime(3) NOT NULL DEFAULT current_timestamp(3),
  `applied_steps_count` int(10) UNSIGNED NOT NULL DEFAULT 0
) ENGINE=InnoDB DEFAULT CHARSET=utf8mb4 COLLATE=utf8mb4_unicode_ci;

--
-- Dumping data for table `_prisma_migrations`
--

INSERT INTO `_prisma_migrations` (`id`, `checksum`, `finished_at`, `migration_name`, `logs`, `rolled_back_at`, `started_at`, `applied_steps_count`) VALUES
('4d4f637f-4ebd-47a7-a9e3-b5fca7377b5e', 'd4cf4c6fe85add11e806ca3621d438895b45b8c1172af5a64c2f9babc0f22a2c', '2025-03-09 04:27:37.676', '20250309042525_add_reported_room_fields', NULL, NULL, '2025-03-09 04:27:37.591', 1),
('58360bba-87ed-4593-ad66-4222a32b5392', '3bad52dbbc28ae3c0bd92e690651fee7372860335a2a2203e51d352505b3b090', '2025-03-09 04:28:44.139', '20250309042844_add_reported_room_fields', NULL, NULL, '2025-03-09 04:28:44.128', 1),
('e83d91f9-a136-4af7-99b0-370cfc924327', 'c16669ce55a46d2d78fb455f4fa75ab780a23e9b65d689d38a469ed5873a0f38', '2025-03-07 07:12:24.475', '20250307071224_init', NULL, NULL, '2025-03-07 07:12:24.179', 1);

--
-- Indexes for dumped tables
--

--
-- Indexes for table `comment`
--
ALTER TABLE `comment`
  ADD PRIMARY KEY (`id`),
  ADD KEY `Comment_reportId_fkey` (`reportId`),
  ADD KEY `Comment_userId_fkey` (`userId`);

--
-- Indexes for table `image`
--
ALTER TABLE `image`
  ADD PRIMARY KEY (`id`),
  ADD KEY `Image_reportId_fkey` (`reportId`);

--
-- Indexes for table `report`
--
ALTER TABLE `report`
  ADD PRIMARY KEY (`id`),
  ADD KEY `Report_userId_fkey` (`userId`),
  ADD KEY `Report_roomId_fkey` (`roomId`);

--
-- Indexes for table `room`
--
ALTER TABLE `room`
  ADD PRIMARY KEY (`id`);

--
-- Indexes for table `user`
--
ALTER TABLE `user`
  ADD PRIMARY KEY (`id`),
  ADD UNIQUE KEY `User_email_key` (`email`),
  ADD KEY `User_roomId_fkey` (`roomId`);

--
-- Indexes for table `_prisma_migrations`
--
ALTER TABLE `_prisma_migrations`
  ADD PRIMARY KEY (`id`);

--
-- Constraints for dumped tables
--

--
-- Constraints for table `comment`
--
ALTER TABLE `comment`
  ADD CONSTRAINT `Comment_reportId_fkey` FOREIGN KEY (`reportId`) REFERENCES `report` (`id`) ON DELETE CASCADE ON UPDATE CASCADE,
  ADD CONSTRAINT `Comment_userId_fkey` FOREIGN KEY (`userId`) REFERENCES `user` (`id`) ON UPDATE CASCADE;

--
-- Constraints for table `image`
--
ALTER TABLE `image`
  ADD CONSTRAINT `Image_reportId_fkey` FOREIGN KEY (`reportId`) REFERENCES `report` (`id`) ON DELETE CASCADE ON UPDATE CASCADE;

--
-- Constraints for table `report`
--
ALTER TABLE `report`
  ADD CONSTRAINT `Report_roomId_fkey` FOREIGN KEY (`roomId`) REFERENCES `room` (`id`) ON UPDATE CASCADE,
  ADD CONSTRAINT `Report_userId_fkey` FOREIGN KEY (`userId`) REFERENCES `user` (`id`) ON UPDATE CASCADE;

--
-- Constraints for table `user`
--
ALTER TABLE `user`
  ADD CONSTRAINT `User_roomId_fkey` FOREIGN KEY (`roomId`) REFERENCES `room` (`id`) ON DELETE SET NULL ON UPDATE CASCADE;
COMMIT;

/*!40101 SET CHARACTER_SET_CLIENT=@OLD_CHARACTER_SET_CLIENT */;
/*!40101 SET CHARACTER_SET_RESULTS=@OLD_CHARACTER_SET_RESULTS */;
/*!40101 SET COLLATION_CONNECTION=@OLD_COLLATION_CONNECTION */;
