-- phpMyAdmin SQL Dump
-- version 5.2.1
-- https://www.phpmyadmin.net/
--
-- Host: 127.0.0.1
-- Generation Time: Mar 10, 2025 at 03:01 AM
-- Server version: 10.4.32-MariaDB
-- PHP Version: 8.2.12

SET SQL_MODE = "NO_AUTO_VALUE_ON_ZERO";
START TRANSACTION;
SET time_zone = "+00:00";


/*!40101 SET @OLD_CHARACTER_SET_CLIENT=@@CHARACTER_SET_CLIENT */;
/*!40101 SET @OLD_CHARACTER_SET_RESULTS=@@CHARACTER_SET_RESULTS */;
/*!40101 SET @OLD_COLLATION_CONNECTION=@@COLLATION_CONNECTION */;
/*!40101 SET NAMES utf8mb4 */;

--
-- Database: `dormitory_db`
--

-- --------------------------------------------------------

--
-- Table structure for table `comment`
--

CREATE TABLE `comment` (
  `id` varchar(191) NOT NULL,
  `message` text NOT NULL,
  `reportId` varchar(191) NOT NULL,
  `userId` varchar(191) NOT NULL,
  `createdAt` datetime(3) NOT NULL DEFAULT current_timestamp(3)
) ENGINE=InnoDB DEFAULT CHARSET=utf8mb4 COLLATE=utf8mb4_unicode_ci;

--
-- Dumping data for table `comment`
--

INSERT INTO `comment` (`id`, `message`, `reportId`, `userId`, `createdAt`) VALUES
('4c10708d-a8a4-43cd-b22d-20670c938365', 'Baik akan segera diperbaiki', 'ee8fc1aa-d41e-4e81-ad3e-d664dfcf71e7', '612ea771-9482-4310-82fa-eb482d3be0ea', '2025-03-10 01:52:31.825');

-- --------------------------------------------------------

--
-- Table structure for table `image`
--

CREATE TABLE `image` (
  `id` varchar(191) NOT NULL,
  `url` varchar(191) NOT NULL,
  `reportId` varchar(191) NOT NULL,
  `createdAt` datetime(3) NOT NULL DEFAULT current_timestamp(3)
) ENGINE=InnoDB DEFAULT CHARSET=utf8mb4 COLLATE=utf8mb4_unicode_ci;

--
-- Dumping data for table `image`
--

INSERT INTO `image` (`id`, `url`, `reportId`, `createdAt`) VALUES
('45a764bf-5f1d-4c3f-a0da-25360a253dca', '/uploads/report_ee8fc1aa-d41e-4e81-ad3e-d664dfcf71e7_1741571492824.jpeg', 'ee8fc1aa-d41e-4e81-ad3e-d664dfcf71e7', '2025-03-10 01:51:32.829'),
('aff23bcc-4bce-4b4c-b131-805f84499071', '/uploads/report_e285d7eb-3a12-46f0-9415-6e86b269174f_1741571710991.jpeg', 'e285d7eb-3a12-46f0-9415-6e86b269174f', '2025-03-10 01:55:10.995'),
('fc0768e8-44b8-478d-b143-0f24e4ff6b70', '/uploads/report_8b75f6ff-0591-41ac-9f2e-0a0b03858066_1741571783378.jpeg', '8b75f6ff-0591-41ac-9f2e-0a0b03858066', '2025-03-10 01:56:23.383');

-- --------------------------------------------------------

--
-- Table structure for table `report`
--

CREATE TABLE `report` (
  `id` varchar(191) NOT NULL,
  `title` varchar(191) NOT NULL,
  `description` text NOT NULL,
  `category` varchar(191) NOT NULL,
  `status` enum('PENDING','IN_PROGRESS','COMPLETED') NOT NULL DEFAULT 'PENDING',
  `userId` varchar(191) NOT NULL,
  `roomId` varchar(191) NOT NULL,
  `reportedRoomNumber` varchar(191) NOT NULL,
  `reportedBuilding` varchar(191) NOT NULL,
  `createdAt` datetime(3) NOT NULL DEFAULT current_timestamp(3),
  `updatedAt` datetime(3) NOT NULL,
  `completedAt` datetime(3) DEFAULT NULL,
  `completionNotes` text DEFAULT NULL
) ENGINE=InnoDB DEFAULT CHARSET=utf8mb4 COLLATE=utf8mb4_unicode_ci;

--
-- Dumping data for table `report`
--

INSERT INTO `report` (`id`, `title`, `description`, `category`, `status`, `userId`, `roomId`, `reportedRoomNumber`, `reportedBuilding`, `createdAt`, `updatedAt`, `completedAt`, `completionNotes`) VALUES
('8b75f6ff-0591-41ac-9f2e-0a0b03858066', 'Ac rusak', 'AC rusak tidak dingin', 'other', 'COMPLETED', '283768d9-0723-4966-b752-aa2a04163592', 'C-206', '206', 'C', '2025-03-10 01:56:23.374', '2025-03-10 01:56:34.900', NULL, NULL),
('e285d7eb-3a12-46f0-9415-6e86b269174f', 'Pintu rusak', 'Pintu rusak karena tertiup angin', 'door', 'PENDING', '283768d9-0723-4966-b752-aa2a04163592', 'B-102', '102', 'B', '2025-03-10 01:55:10.988', '2025-03-10 01:55:10.988', NULL, NULL),
('ee8fc1aa-d41e-4e81-ad3e-d664dfcf71e7', 'Lampu kamar mati', 'Lampu kamar mati mungkin karena listriknya', 'electrical', 'IN_PROGRESS', '283768d9-0723-4966-b752-aa2a04163592', 'C-206', '206', 'C', '2025-03-10 01:51:32.779', '2025-03-10 01:52:05.979', NULL, NULL);

-- --------------------------------------------------------

--
-- Table structure for table `room`
--

CREATE TABLE `room` (
  `id` varchar(191) NOT NULL,
  `number` varchar(191) NOT NULL,
  `building` varchar(191) NOT NULL,
  `floor` varchar(191) NOT NULL,
  `createdAt` datetime(3) NOT NULL DEFAULT current_timestamp(3),
  `updatedAt` datetime(3) NOT NULL
) ENGINE=InnoDB DEFAULT CHARSET=utf8mb4 COLLATE=utf8mb4_unicode_ci;

--
-- Dumping data for table `room`
--

INSERT INTO `room` (`id`, `number`, `building`, `floor`, `createdAt`, `updatedAt`) VALUES
('A-101', '101', 'A', '1', '2025-03-10 01:47:55.329', '2025-03-10 01:47:55.329'),
('A-102', '102', 'A', '1', '2025-03-10 01:47:55.335', '2025-03-10 01:47:55.335'),
('A-103', '103', 'A', '1', '2025-03-10 01:47:55.338', '2025-03-10 01:47:55.338'),
('A-104', '104', 'A', '1', '2025-03-10 01:47:55.343', '2025-03-10 01:47:55.343'),
('A-105', '105', 'A', '1', '2025-03-10 01:47:55.346', '2025-03-10 01:47:55.346'),
('A-106', '106', 'A', '1', '2025-03-10 01:47:55.348', '2025-03-10 01:47:55.348'),
('A-107', '107', 'A', '1', '2025-03-10 01:47:55.351', '2025-03-10 01:47:55.351'),
('A-108', '108', 'A', '1', '2025-03-10 01:47:55.354', '2025-03-10 01:47:55.354'),
('A-109', '109', 'A', '1', '2025-03-10 01:47:55.356', '2025-03-10 01:47:55.356'),
('A-110', '110', 'A', '1', '2025-03-10 01:47:55.359', '2025-03-10 01:47:55.359'),
('A-201', '201', 'A', '2', '2025-03-10 01:47:55.362', '2025-03-10 01:47:55.362'),
('A-202', '202', 'A', '2', '2025-03-10 01:47:55.364', '2025-03-10 01:47:55.364'),
('A-203', '203', 'A', '2', '2025-03-10 01:47:55.367', '2025-03-10 01:47:55.367'),
('A-204', '204', 'A', '2', '2025-03-10 01:47:55.369', '2025-03-10 01:47:55.369'),
('A-205', '205', 'A', '2', '2025-03-10 01:47:55.372', '2025-03-10 01:47:55.372'),
('A-206', '206', 'A', '2', '2025-03-10 01:47:55.374', '2025-03-10 01:47:55.374'),
('A-207', '207', 'A', '2', '2025-03-10 01:47:55.377', '2025-03-10 01:47:55.377'),
('A-208', '208', 'A', '2', '2025-03-10 01:47:55.379', '2025-03-10 01:47:55.379'),
('A-209', '209', 'A', '2', '2025-03-10 01:47:55.382', '2025-03-10 01:47:55.382'),
('A-210', '210', 'A', '2', '2025-03-10 01:47:55.384', '2025-03-10 01:47:55.384'),
('A-301', '301', 'A', '3', '2025-03-10 01:47:55.387', '2025-03-10 01:47:55.387'),
('A-302', '302', 'A', '3', '2025-03-10 01:47:55.389', '2025-03-10 01:47:55.389'),
('A-303', '303', 'A', '3', '2025-03-10 01:47:55.391', '2025-03-10 01:47:55.391'),
('A-304', '304', 'A', '3', '2025-03-10 01:47:55.394', '2025-03-10 01:47:55.394'),
('A-305', '305', 'A', '3', '2025-03-10 01:47:55.396', '2025-03-10 01:47:55.396'),
('A-306', '306', 'A', '3', '2025-03-10 01:47:55.398', '2025-03-10 01:47:55.398'),
('A-307', '307', 'A', '3', '2025-03-10 01:47:55.401', '2025-03-10 01:47:55.401'),
('A-308', '308', 'A', '3', '2025-03-10 01:47:55.403', '2025-03-10 01:47:55.403'),
('A-309', '309', 'A', '3', '2025-03-10 01:47:55.406', '2025-03-10 01:47:55.406'),
('A-310', '310', 'A', '3', '2025-03-10 01:47:55.408', '2025-03-10 01:47:55.408'),
('A-401', '401', 'A', '4', '2025-03-10 01:47:55.410', '2025-03-10 01:47:55.410'),
('A-402', '402', 'A', '4', '2025-03-10 01:47:55.413', '2025-03-10 01:47:55.413'),
('A-403', '403', 'A', '4', '2025-03-10 01:47:55.415', '2025-03-10 01:47:55.415'),
('A-404', '404', 'A', '4', '2025-03-10 01:47:55.417', '2025-03-10 01:47:55.417'),
('A-405', '405', 'A', '4', '2025-03-10 01:47:55.419', '2025-03-10 01:47:55.419'),
('A-406', '406', 'A', '4', '2025-03-10 01:47:55.422', '2025-03-10 01:47:55.422'),
('A-407', '407', 'A', '4', '2025-03-10 01:47:55.424', '2025-03-10 01:47:55.424'),
('A-408', '408', 'A', '4', '2025-03-10 01:47:55.426', '2025-03-10 01:47:55.426'),
('A-409', '409', 'A', '4', '2025-03-10 01:47:55.428', '2025-03-10 01:47:55.428'),
('A-410', '410', 'A', '4', '2025-03-10 01:47:55.431', '2025-03-10 01:47:55.431'),
('B-101', '101', 'B', '1', '2025-03-10 01:47:55.433', '2025-03-10 01:47:55.433'),
('B-102', '102', 'B', '1', '2025-03-10 01:47:55.435', '2025-03-10 01:47:55.435'),
('B-103', '103', 'B', '1', '2025-03-10 01:47:55.437', '2025-03-10 01:47:55.437'),
('B-104', '104', 'B', '1', '2025-03-10 01:47:55.440', '2025-03-10 01:47:55.440'),
('B-105', '105', 'B', '1', '2025-03-10 01:47:55.442', '2025-03-10 01:47:55.442'),
('B-106', '106', 'B', '1', '2025-03-10 01:47:55.444', '2025-03-10 01:47:55.444'),
('B-107', '107', 'B', '1', '2025-03-10 01:47:55.446', '2025-03-10 01:47:55.446'),
('B-108', '108', 'B', '1', '2025-03-10 01:47:55.448', '2025-03-10 01:47:55.448'),
('B-109', '109', 'B', '1', '2025-03-10 01:47:55.451', '2025-03-10 01:47:55.451'),
('B-110', '110', 'B', '1', '2025-03-10 01:47:55.453', '2025-03-10 01:47:55.453'),
('B-201', '201', 'B', '2', '2025-03-10 01:47:55.456', '2025-03-10 01:47:55.456'),
('B-202', '202', 'B', '2', '2025-03-10 01:47:55.458', '2025-03-10 01:47:55.458'),
('B-203', '203', 'B', '2', '2025-03-10 01:47:55.460', '2025-03-10 01:47:55.460'),
('B-204', '204', 'B', '2', '2025-03-10 01:47:55.463', '2025-03-10 01:47:55.463'),
('B-205', '205', 'B', '2', '2025-03-10 01:47:55.466', '2025-03-10 01:47:55.466'),
('B-206', '206', 'B', '2', '2025-03-10 01:47:55.468', '2025-03-10 01:47:55.468'),
('B-207', '207', 'B', '2', '2025-03-10 01:47:55.470', '2025-03-10 01:47:55.470'),
('B-208', '208', 'B', '2', '2025-03-10 01:47:55.472', '2025-03-10 01:47:55.472'),
('B-209', '209', 'B', '2', '2025-03-10 01:47:55.474', '2025-03-10 01:47:55.474'),
('B-210', '210', 'B', '2', '2025-03-10 01:47:55.476', '2025-03-10 01:47:55.476'),
('B-301', '301', 'B', '3', '2025-03-10 01:47:55.478', '2025-03-10 01:47:55.478'),
('B-302', '302', 'B', '3', '2025-03-10 01:47:55.480', '2025-03-10 01:47:55.480'),
('B-303', '303', 'B', '3', '2025-03-10 01:47:55.482', '2025-03-10 01:47:55.482'),
('B-304', '304', 'B', '3', '2025-03-10 01:47:55.484', '2025-03-10 01:47:55.484'),
('B-305', '305', 'B', '3', '2025-03-10 01:47:55.486', '2025-03-10 01:47:55.486'),
('B-306', '306', 'B', '3', '2025-03-10 01:47:55.488', '2025-03-10 01:47:55.488'),
('B-307', '307', 'B', '3', '2025-03-10 01:47:55.491', '2025-03-10 01:47:55.491'),
('B-308', '308', 'B', '3', '2025-03-10 01:47:55.493', '2025-03-10 01:47:55.493'),
('B-309', '309', 'B', '3', '2025-03-10 01:47:55.495', '2025-03-10 01:47:55.495'),
('B-310', '310', 'B', '3', '2025-03-10 01:47:55.497', '2025-03-10 01:47:55.497'),
('B-401', '401', 'B', '4', '2025-03-10 01:47:55.499', '2025-03-10 01:47:55.499'),
('B-402', '402', 'B', '4', '2025-03-10 01:47:55.501', '2025-03-10 01:47:55.501'),
('B-403', '403', 'B', '4', '2025-03-10 01:47:55.503', '2025-03-10 01:47:55.503'),
('B-404', '404', 'B', '4', '2025-03-10 01:47:55.506', '2025-03-10 01:47:55.506'),
('B-405', '405', 'B', '4', '2025-03-10 01:47:55.508', '2025-03-10 01:47:55.508'),
('B-406', '406', 'B', '4', '2025-03-10 01:47:55.510', '2025-03-10 01:47:55.510'),
('B-407', '407', 'B', '4', '2025-03-10 01:47:55.512', '2025-03-10 01:47:55.512'),
('B-408', '408', 'B', '4', '2025-03-10 01:47:55.514', '2025-03-10 01:47:55.514'),
('B-409', '409', 'B', '4', '2025-03-10 01:47:55.517', '2025-03-10 01:47:55.517'),
('B-410', '410', 'B', '4', '2025-03-10 01:47:55.519', '2025-03-10 01:47:55.519'),
('C-101', '101', 'C', '1', '2025-03-10 01:47:55.521', '2025-03-10 01:47:55.521'),
('C-102', '102', 'C', '1', '2025-03-10 01:47:55.523', '2025-03-10 01:47:55.523'),
('C-103', '103', 'C', '1', '2025-03-10 01:47:55.525', '2025-03-10 01:47:55.525'),
('C-104', '104', 'C', '1', '2025-03-10 01:47:55.527', '2025-03-10 01:47:55.527'),
('C-105', '105', 'C', '1', '2025-03-10 01:47:55.529', '2025-03-10 01:47:55.529'),
('C-106', '106', 'C', '1', '2025-03-10 01:47:55.531', '2025-03-10 01:47:55.531'),
('C-107', '107', 'C', '1', '2025-03-10 01:47:55.533', '2025-03-10 01:47:55.533'),
('C-108', '108', 'C', '1', '2025-03-10 01:47:55.535', '2025-03-10 01:47:55.535'),
('C-109', '109', 'C', '1', '2025-03-10 01:47:55.537', '2025-03-10 01:47:55.537'),
('C-110', '110', 'C', '1', '2025-03-10 01:47:55.539', '2025-03-10 01:47:55.539'),
('C-201', '201', 'C', '2', '2025-03-10 01:47:55.541', '2025-03-10 01:47:55.541'),
('C-202', '202', 'C', '2', '2025-03-10 01:47:55.543', '2025-03-10 01:47:55.543'),
('C-203', '203', 'C', '2', '2025-03-10 01:47:55.546', '2025-03-10 01:47:55.546'),
('C-204', '204', 'C', '2', '2025-03-10 01:47:55.548', '2025-03-10 01:47:55.548'),
('C-205', '205', 'C', '2', '2025-03-10 01:47:55.550', '2025-03-10 01:47:55.550'),
('C-206', '206', 'C', '2', '2025-03-10 01:47:55.552', '2025-03-10 01:47:55.552'),
('C-207', '207', 'C', '2', '2025-03-10 01:47:55.554', '2025-03-10 01:47:55.554'),
('C-208', '208', 'C', '2', '2025-03-10 01:47:55.556', '2025-03-10 01:47:55.556'),
('C-209', '209', 'C', '2', '2025-03-10 01:47:55.558', '2025-03-10 01:47:55.558'),
('C-210', '210', 'C', '2', '2025-03-10 01:47:55.561', '2025-03-10 01:47:55.561'),
('C-301', '301', 'C', '3', '2025-03-10 01:47:55.563', '2025-03-10 01:47:55.563'),
('C-302', '302', 'C', '3', '2025-03-10 01:47:55.565', '2025-03-10 01:47:55.565'),
('C-303', '303', 'C', '3', '2025-03-10 01:47:55.567', '2025-03-10 01:47:55.567'),
('C-304', '304', 'C', '3', '2025-03-10 01:47:55.569', '2025-03-10 01:47:55.569'),
('C-305', '305', 'C', '3', '2025-03-10 01:47:55.571', '2025-03-10 01:47:55.571'),
('C-306', '306', 'C', '3', '2025-03-10 01:47:55.573', '2025-03-10 01:47:55.573'),
('C-307', '307', 'C', '3', '2025-03-10 01:47:55.575', '2025-03-10 01:47:55.575'),
('C-308', '308', 'C', '3', '2025-03-10 01:47:55.577', '2025-03-10 01:47:55.577'),
('C-309', '309', 'C', '3', '2025-03-10 01:47:55.579', '2025-03-10 01:47:55.579'),
('C-310', '310', 'C', '3', '2025-03-10 01:47:55.582', '2025-03-10 01:47:55.582'),
('C-401', '401', 'C', '4', '2025-03-10 01:47:55.584', '2025-03-10 01:47:55.584'),
('C-402', '402', 'C', '4', '2025-03-10 01:47:55.586', '2025-03-10 01:47:55.586'),
('C-403', '403', 'C', '4', '2025-03-10 01:47:55.588', '2025-03-10 01:47:55.588'),
('C-404', '404', 'C', '4', '2025-03-10 01:47:55.590', '2025-03-10 01:47:55.590'),
('C-405', '405', 'C', '4', '2025-03-10 01:47:55.592', '2025-03-10 01:47:55.592'),
('C-406', '406', 'C', '4', '2025-03-10 01:47:55.594', '2025-03-10 01:47:55.594'),
('C-407', '407', 'C', '4', '2025-03-10 01:47:55.596', '2025-03-10 01:47:55.596'),
('C-408', '408', 'C', '4', '2025-03-10 01:47:55.598', '2025-03-10 01:47:55.598'),
('C-409', '409', 'C', '4', '2025-03-10 01:47:55.600', '2025-03-10 01:47:55.600'),
('C-410', '410', 'C', '4', '2025-03-10 01:47:55.602', '2025-03-10 01:47:55.602'),
('D-101', '101', 'D', '1', '2025-03-10 01:47:55.604', '2025-03-10 01:47:55.604'),
('D-102', '102', 'D', '1', '2025-03-10 01:47:55.606', '2025-03-10 01:47:55.606'),
('D-103', '103', 'D', '1', '2025-03-10 01:47:55.608', '2025-03-10 01:47:55.608'),
('D-104', '104', 'D', '1', '2025-03-10 01:47:55.610', '2025-03-10 01:47:55.610'),
('D-105', '105', 'D', '1', '2025-03-10 01:47:55.612', '2025-03-10 01:47:55.612'),
('D-106', '106', 'D', '1', '2025-03-10 01:47:55.614', '2025-03-10 01:47:55.614'),
('D-107', '107', 'D', '1', '2025-03-10 01:47:55.616', '2025-03-10 01:47:55.616'),
('D-108', '108', 'D', '1', '2025-03-10 01:47:55.618', '2025-03-10 01:47:55.618'),
('D-109', '109', 'D', '1', '2025-03-10 01:47:55.620', '2025-03-10 01:47:55.620'),
('D-110', '110', 'D', '1', '2025-03-10 01:47:55.622', '2025-03-10 01:47:55.622'),
('D-201', '201', 'D', '2', '2025-03-10 01:47:55.624', '2025-03-10 01:47:55.624'),
('D-202', '202', 'D', '2', '2025-03-10 01:47:55.626', '2025-03-10 01:47:55.626'),
('D-203', '203', 'D', '2', '2025-03-10 01:47:55.628', '2025-03-10 01:47:55.628'),
('D-204', '204', 'D', '2', '2025-03-10 01:47:55.630', '2025-03-10 01:47:55.630'),
('D-205', '205', 'D', '2', '2025-03-10 01:47:55.632', '2025-03-10 01:47:55.632'),
('D-206', '206', 'D', '2', '2025-03-10 01:47:55.634', '2025-03-10 01:47:55.634'),
('D-207', '207', 'D', '2', '2025-03-10 01:47:55.636', '2025-03-10 01:47:55.636'),
('D-208', '208', 'D', '2', '2025-03-10 01:47:55.638', '2025-03-10 01:47:55.638'),
('D-209', '209', 'D', '2', '2025-03-10 01:47:55.640', '2025-03-10 01:47:55.640'),
('D-210', '210', 'D', '2', '2025-03-10 01:47:55.642', '2025-03-10 01:47:55.642'),
('D-301', '301', 'D', '3', '2025-03-10 01:47:55.644', '2025-03-10 01:47:55.644'),
('D-302', '302', 'D', '3', '2025-03-10 01:47:55.646', '2025-03-10 01:47:55.646'),
('D-303', '303', 'D', '3', '2025-03-10 01:47:55.648', '2025-03-10 01:47:55.648'),
('D-304', '304', 'D', '3', '2025-03-10 01:47:55.650', '2025-03-10 01:47:55.650'),
('D-305', '305', 'D', '3', '2025-03-10 01:47:55.652', '2025-03-10 01:47:55.652'),
('D-306', '306', 'D', '3', '2025-03-10 01:47:55.654', '2025-03-10 01:47:55.654'),
('D-307', '307', 'D', '3', '2025-03-10 01:47:55.656', '2025-03-10 01:47:55.656'),
('D-308', '308', 'D', '3', '2025-03-10 01:47:55.658', '2025-03-10 01:47:55.658'),
('D-309', '309', 'D', '3', '2025-03-10 01:47:55.660', '2025-03-10 01:47:55.660'),
('D-310', '310', 'D', '3', '2025-03-10 01:47:55.662', '2025-03-10 01:47:55.662'),
('D-401', '401', 'D', '4', '2025-03-10 01:47:55.664', '2025-03-10 01:47:55.664'),
('D-402', '402', 'D', '4', '2025-03-10 01:47:55.666', '2025-03-10 01:47:55.666'),
('D-403', '403', 'D', '4', '2025-03-10 01:47:55.668', '2025-03-10 01:47:55.668'),
('D-404', '404', 'D', '4', '2025-03-10 01:47:55.670', '2025-03-10 01:47:55.670'),
('D-405', '405', 'D', '4', '2025-03-10 01:47:55.672', '2025-03-10 01:47:55.672'),
('D-406', '406', 'D', '4', '2025-03-10 01:47:55.674', '2025-03-10 01:47:55.674'),
('D-407', '407', 'D', '4', '2025-03-10 01:47:55.676', '2025-03-10 01:47:55.676'),
('D-408', '408', 'D', '4', '2025-03-10 01:47:55.678', '2025-03-10 01:47:55.678'),
('D-409', '409', 'D', '4', '2025-03-10 01:47:55.681', '2025-03-10 01:47:55.681'),
('D-410', '410', 'D', '4', '2025-03-10 01:47:55.683', '2025-03-10 01:47:55.683');

-- --------------------------------------------------------

--
-- Table structure for table `user`
--

CREATE TABLE `user` (
  `id` varchar(191) NOT NULL,
  `name` varchar(191) NOT NULL,
  `email` varchar(191) NOT NULL,
  `password` varchar(191) NOT NULL,
  `role` enum('USER','ADMIN','STAFF') NOT NULL DEFAULT 'USER',
  `roomId` varchar(191) DEFAULT NULL,
  `createdAt` datetime(3) NOT NULL DEFAULT current_timestamp(3),
  `updatedAt` datetime(3) NOT NULL
) ENGINE=InnoDB DEFAULT CHARSET=utf8mb4 COLLATE=utf8mb4_unicode_ci;

--
-- Dumping data for table `user`
--

INSERT INTO `user` (`id`, `name`, `email`, `password`, `role`, `roomId`, `createdAt`, `updatedAt`) VALUES
('266a9bbf-4962-4c61-b27d-f5ae18f8c892', 'Budi Santoso', 'budi@example.com', '$2b$10$BcVTJmKmu/dbBq.wrwkNve7JI6Nry1GZhJU.ETi9AoAmDzELNopKO', 'USER', 'A-101', '2025-03-10 01:47:55.882', '2025-03-10 01:47:55.882'),
('283768d9-0723-4966-b752-aa2a04163592', 'Syubbanul Siddiq', 'siddiqodiq@gmail.com', '$2b$10$xaHlarWi2PkwVgTGCYEz6uEhcyNvfEzntLGXeukLHQBpiBWiygI1i', 'USER', 'C-206', '2025-03-10 01:50:17.615', '2025-03-10 01:50:17.615'),
('51829817-5ce3-4efd-a57b-62543911866d', 'Citra Teknisi', 'citra@example.com', '$2b$10$Y6F/PyIv5XgwTDXvm5K8vuA9qlHpyyJB1bREv.sorrpDwNgEtbPu.', 'STAFF', NULL, '2025-03-10 01:47:55.821', '2025-03-10 01:47:55.821'),
('612ea771-9482-4310-82fa-eb482d3be0ea', 'Admin PART', 'admin@example.com', '$2b$10$tOyDRet45LZhja6/h5.hEecT2vGsP43Zvsoh10J7lwoFrGjUUJZku', 'ADMIN', NULL, '2025-03-10 01:47:55.751', '2025-03-10 01:47:55.751'),
('692f47d4-d7e4-487e-911b-2d41b18c1111', 'Ahmad Rizki', 'ahmad.rizki@example.com', '$2b$10$BcVTJmKmu/dbBq.wrwkNve7JI6Nry1GZhJU.ETi9AoAmDzELNopKO', 'USER', 'C-310', '2025-03-10 01:47:55.888', '2025-03-10 01:47:55.888'),
('71b3e949-8c51-450a-9055-023bd1b76e08', 'Dewi Lestari', 'dewi@example.com', '$2b$10$BcVTJmKmu/dbBq.wrwkNve7JI6Nry1GZhJU.ETi9AoAmDzELNopKO', 'USER', 'B-205', '2025-03-10 01:47:55.886', '2025-03-10 01:47:55.886'),
('9cdf3f98-18e6-4a40-9f22-1d3537387282', 'Ahmad Teknisi', 'ahmad@example.com', '$2b$10$Y6F/PyIv5XgwTDXvm5K8vuA9qlHpyyJB1bREv.sorrpDwNgEtbPu.', 'STAFF', NULL, '2025-03-10 01:47:55.815', '2025-03-10 01:47:55.815'),
('a8bcadcd-04ac-45ee-bad3-d57ba3921cea', 'Budi Teknisi', 'budi.teknisi@example.com', '$2b$10$Y6F/PyIv5XgwTDXvm5K8vuA9qlHpyyJB1bREv.sorrpDwNgEtbPu.', 'STAFF', NULL, '2025-03-10 01:47:55.818', '2025-03-10 01:47:55.818');

-- --------------------------------------------------------

--
-- Table structure for table `_prisma_migrations`
--

CREATE TABLE `_prisma_migrations` (
  `id` varchar(36) NOT NULL,
  `checksum` varchar(64) NOT NULL,
  `finished_at` datetime(3) DEFAULT NULL,
  `migration_name` varchar(255) NOT NULL,
  `logs` text DEFAULT NULL,
  `rolled_back_at` datetime(3) DEFAULT NULL,
  `started_at` datetime(3) NOT NULL DEFAULT current_timestamp(3),
  `applied_steps_count` int(10) UNSIGNED NOT NULL DEFAULT 0
) ENGINE=InnoDB DEFAULT CHARSET=utf8mb4 COLLATE=utf8mb4_unicode_ci;

--
-- Dumping data for table `_prisma_migrations`
--

INSERT INTO `_prisma_migrations` (`id`, `checksum`, `finished_at`, `migration_name`, `logs`, `rolled_back_at`, `started_at`, `applied_steps_count`) VALUES
('37854dcd-5def-45ec-a6d5-da783b32d2cf', '03c8fc139a3553f8fb6b41ec42e01a8927c186bbef52fe32712415789bdff2b9', '2025-03-10 01:39:08.277', '20250310013904_init', NULL, NULL, '2025-03-10 01:39:04.971', 1);

--
-- Indexes for dumped tables
--

--
-- Indexes for table `comment`
--
ALTER TABLE `comment`
  ADD PRIMARY KEY (`id`),
  ADD KEY `Comment_reportId_fkey` (`reportId`),
  ADD KEY `Comment_userId_fkey` (`userId`);

--
-- Indexes for table `image`
--
ALTER TABLE `image`
  ADD PRIMARY KEY (`id`),
  ADD KEY `Image_reportId_fkey` (`reportId`);

--
-- Indexes for table `report`
--
ALTER TABLE `report`
  ADD PRIMARY KEY (`id`),
  ADD KEY `Report_userId_fkey` (`userId`),
  ADD KEY `Report_roomId_fkey` (`roomId`);

--
-- Indexes for table `room`
--
ALTER TABLE `room`
  ADD PRIMARY KEY (`id`);

--
-- Indexes for table `user`
--
ALTER TABLE `user`
  ADD PRIMARY KEY (`id`),
  ADD UNIQUE KEY `User_email_key` (`email`),
  ADD KEY `User_roomId_fkey` (`roomId`);

--
-- Indexes for table `_prisma_migrations`
--
ALTER TABLE `_prisma_migrations`
  ADD PRIMARY KEY (`id`);

--
-- Constraints for dumped tables
--

--
-- Constraints for table `comment`
--
ALTER TABLE `comment`
  ADD CONSTRAINT `Comment_reportId_fkey` FOREIGN KEY (`reportId`) REFERENCES `report` (`id`) ON DELETE CASCADE ON UPDATE CASCADE,
  ADD CONSTRAINT `Comment_userId_fkey` FOREIGN KEY (`userId`) REFERENCES `user` (`id`) ON UPDATE CASCADE;

--
-- Constraints for table `image`
--
ALTER TABLE `image`
  ADD CONSTRAINT `Image_reportId_fkey` FOREIGN KEY (`reportId`) REFERENCES `report` (`id`) ON DELETE CASCADE ON UPDATE CASCADE;

--
-- Constraints for table `report`
--
ALTER TABLE `report`
  ADD CONSTRAINT `Report_roomId_fkey` FOREIGN KEY (`roomId`) REFERENCES `room` (`id`) ON UPDATE CASCADE,
  ADD CONSTRAINT `Report_userId_fkey` FOREIGN KEY (`userId`) REFERENCES `user` (`id`) ON UPDATE CASCADE;

--
-- Constraints for table `user`
--
ALTER TABLE `user`
  ADD CONSTRAINT `User_roomId_fkey` FOREIGN KEY (`roomId`) REFERENCES `room` (`id`) ON DELETE SET NULL ON UPDATE CASCADE;
COMMIT;

/*!40101 SET CHARACTER_SET_CLIENT=@OLD_CHARACTER_SET_CLIENT */;
/*!40101 SET CHARACTER_SET_RESULTS=@OLD_CHARACTER_SET_RESULTS */;
/*!40101 SET COLLATION_CONNECTION=@OLD_COLLATION_CONNECTION */;
